mut	ID	mutclass	InputCount	fitness
T155H-K160R	HHFRNIAIR	2	274	1.93282828283
N189S-I192T-A196T-I202V-R222W	THFKSTTVW	5	401	2.12168325042
F159Y-I202V-R222W	THYKNIAVW	3	214	2.18475452196
F159Y-I192T-I202V	THYKNTAVR	3	164	2.77188552188
T155H-H156Q-F159Y-K160R-I192T-R222W	HQYRNTAIW	6	238	0.982682473267
K160R-N189S-I192T-A196T-I202V	THFRSTTVR	5	681	8.86302541544
K160R-A196T	THFRNITIR	2	539	42.5084876543
H156Q-I202V-R222W	TQFKNIAVW	3	708	1.49937313901
T155H-H156Q-K160R-A196T-I202V	HQFRNITVR	5	942	5.2433133027
F159Y-K160R-N189S-I192T-A196T-I202V	THYRSTTVR	6	470	18.1611229063
H156Q-I192T-I202V	TQFKNTAVR	3	354	5.46674491393
T155H-F159Y-N189S-I192T-I202V	HHYKSTAVR	5	124	4.94444444444
F159Y-K160R-A196T-I202V-R222W	THYRNITVW	5	502	6.65976364039
T155H-N189S-I202V	HHFKSIAVR	3	291	0.846651445967
T155H-K160R-N189S-I192T-A196T-R222W	HHFRSTTIW	6	277	0.755895283773
T155H-H156Q-N189S-I192T-A196T-R222W	HQFKSTTIW	6	340	0.616243075919
H156Q-K160R-N189S-I202V	TQFRSIAVR	4	1128	5.04736246432
T155H-H156Q-K160R-A196T-I202V-R222W	HQFRNITVW	6	869	1.13665389528
N189S-R222W	THFKSIAIW	2	234	1.68321513002
T155H-H156Q-I192T	HQFKNTAIR	3	154	12.6801075269
K160R-I192T-A196T-R222W	THFRNTTIW	4	378	8.12115215479
T155H-H156Q-A196T-R222W	HQFKNITIW	4	420	0.70467141726
H156Q-F159Y-A196T-I202V-R222W	TQYKNITVW	5	479	16.3269675926
T155H-F159Y-I192T	HHYKNTAIR	3	73	2.83971471471
T155H-F159Y-R222W	HHYKNIAIW	3	96	2.16638029782
T155H-H156Q-N189S-A196T-R222W	HQFKSITIW	5	363	0.984813797312
T155H-F159Y-K160R-N189S-I202V	HHYRSIAVR	5	381	1.13256253636
T155H-H156Q-N189S-A196T-I202V-R222W	HQFKSITVW	6	575	0.729648919753
H156Q-N189S-I192T	TQFKSTAIR	3	292	8.10011376566
T155H-F159Y-N189S	HHYKSIAIR	3	137	1.52274557166
F159Y-K160R	THYRNIAIR	2	370	6.06394129979
T155H-H156Q-F159Y-N189S-R222W	HQYKSIAIW	5	171	1.58107235142
T155H-H156Q-F159Y-K160R-A196T-I202V	HQYRNITVR	6	915	56.2862384765
T155H-H156Q-K160R-N189S-I192T-I202V	HQFRSTAVR	6	398	0.960387078808
H156Q-K160R-I192T-I202V-R222W	TQFRNTAVW	5	456	1.70404814004
K160R-N189S-I192T-A196T-I202V-R222W	THFRSTTVW	6	505	1.29474088713
T155H-F159Y-K160R-I192T-A196T-R222W	HHYRNTTIW	6	140	1.66568163908
H156Q-R222W	TQFKNIAIW	2	529	1.86582809224
T155H-H156Q-F159Y-K160R-N189S-I192T-I202V-R222W	HQYRSTAVW	8	303	0.691246345028
T155H-H156Q-N189S-I192T-R222W	HQFKSTAIW	5	147	1.5868993994
F159Y-K160R-I192T-R222W	THYRNTAIW	4	181	2.2413003663
T155H-F159Y-K160R-I192T-R222W	HHYRNTAIW	5	83	2.50165343915
H156Q-K160R-N189S-R222W	TQFRSIAIW	4	614	4.03997289973
T155H-F159Y-A196T-I202V	HHYKNITVR	4	212	2.66953573292
T155H-H156Q-F159Y-K160R-I202V	HQYRNIAVR	5	804	7.15562456867
T155H-F159Y-K160R-N189S-I192T-A196T-R222W	HHYRSTTIW	7	164	1.57323232323
K160R-N189S-A196T-R222W	THFRSITIW	4	354	1.67136150235
T155H-K160R-N189S-R222W	HHFRSIAIW	4	329	0.636784511783
T155H-K160R-I202V	HHFRNIAVR	3	482	0.511847250978
K160R-I202V-R222W	THFRNIAVW	3	631	5.84805731365
H156Q-K160R-I192T-A196T-I202V-R222W	TQFRNTTVW	6	931	6.33971149262
H156Q-I192T-R222W	TQFKNTAIW	3	132	4.64703425231
T155H-K160R-N189S-I192T-R222W	HHFRSTAIW	5	115	1.81154214559
T155H-H156Q-F159Y-A196T-R222W	HQYKNITIW	5	319	53.88671875
H156Q-K160R-I192T-A196T-I202V	TQFRNTTVR	5	1232	45.6047805713
H156Q-F159Y-K160R-I192T-A196T-I202V	TQYRNTTVR	6	811	592.815749863
T155H-K160R-I192T-A196T-I202V	HHFRNTTVR	5	416	4.71322941647
H156Q-K160R-I192T-I202V	TQFRNTAVR	4	474	9.75877192984
F159Y-K160R-N189S-A196T-R222W	THYRSITIW	5	350	7.00815131372
I202V-R222W	THFKNIAVW	2	380	1.33019830854
T155H-F159Y-K160R-N189S	HHYRSIAIR	4	171	2.08414082687
H156Q-F159Y-K160R-I192T-I202V-R222W	TQYRNTAVW	6	407	8.81638071895
T155H-H156Q-F159Y-K160R-N189S-I202V	HQYRSIAVR	6	563	0.942425137905
F159Y-N189S-I192T-I202V	THYKSTAVR	4	85	23.4286175711
T155H-H156Q-K160R-I192T-A196T-I202V	HQFRNTTVR	6	699	3.3375
T155H-N189S-I192T	HHFKSTAIR	3	120	1.73668503214
T155H-K160R-A196T	HHFRNITIR	3	464	2.31272401434
T155H-K160R-N189S-I202V	HHFRSIAVR	4	354	0.905320813771
T155H-N189S-I192T-A196T-I202V-R222W	HHFKSTTVW	6	169	1.23611111111
F159Y-I192T-A196T	THYKNTTIR	3	301	112.396063282
T155H-F159Y-K160R-A196T-I202V-R222W	HHYRNITVW	6	279	3.35515873016
T155H-H156Q-K160R-N189S-A196T	HQFRSITIR	5	643	9.80827294686
F159Y-I192T-R222W	THYKNTAIW	3	63	3.86284722222
T155H-F159Y-K160R-N189S-R222W	HHYRSIAIW	5	201	1.16267876788
T155H-H156Q-K160R	HQFRNIAIR	3	538	1.51360544218
T155H-K160R-R222W	HHFRNIAIW	3	225	1.75024582104
F159Y-A196T-I202V-R222W	THYKNITVW	4	377	5.26491769547
T155H-H156Q-F159Y-A196T	HQYKNITIR	4	430	1990.82721062
I192T-I202V-R222W	THFKNTAVW	3	155	2.61485042735
T155H-K160R-A196T-I202V	HHFRNITVR	4	507	3.16327646544
T155H-F159Y-K160R-I192T-A196T-I202V-R222W	HHYRNTTVW	7	333	0.85121423819
T155H-N189S-I202V-R222W	HHFKSIAVW	4	237	0.882936507937
A196T	THFKNITIR	1	404	18.2211934156
H156Q-F159Y-K160R-N189S-I202V	TQYRSIAVR	5	854	22.5969785575
T155H-A196T-R222W	HHFKNITIW	3	183	1.41077898551
T155H-N189S-R222W	HHFKSIAIW	3	166	1.25831669993
F159Y-K160R-N189S-I192T-R222W	THYRSTAIW	5	152	1.37345679013
T155H-F159Y-I192T-A196T-R222W	HHYKNTTIW	5	185	2.72476105137
T155H-I192T-A196T-R222W	HHFKNTTIW	4	161	1.44975994513
T155H-I192T-I202V	HHFKNTAVR	3	140	1.84101654846
T155H-H156Q-K160R-N189S-I192T-A196T-I202V	HQFRSTTVR	7	739	3.05686936937
T155H-H156Q-F159Y-K160R-R222W	HQYRNIAIW	5	419	0.853505291006
H156Q-K160R-I192T-A196T	TQFRNTTIR	4	871	170.390545362
H156Q-K160R-N189S-I192T-A196T-I202V-R222W	TQFRSTTVW	7	863	6.12332818931
H156Q-A196T-I202V-R222W	TQFKNITVW	4	798	3.62015018774
T155H-H156Q-I192T-R222W	HQFKNTAIW	4	129	1.80662393163
H156Q-N189S-A196T-R222W	TQFKSITIW	4	507	5.96155949257
T155H-F159Y-I202V	HHYKNIAVR	3	198	1.42867113344
T155H-N189S	HHFKSIAIR	2	189	1.23611111111
H156Q-F159Y-K160R-N189S-I192T-R222W	TQYRSTAIW	6	272	7.10877085876
T155H-H156Q-K160R-I192T	HQFRNTAIR	4	368	0.837473652515
T155H-H156Q-F159Y-I202V	HQYKNIAVR	4	357	3.10754189944
H156Q-N189S-I192T-A196T	TQFKSTTIR	4	561	87.1216389878
T155H-K160R-A196T-I202V-R222W	HHFRNITVW	5	455	0.515046296296
T155H-H156Q-F159Y-N189S-I192T-A196T-I202V	HQYKSTTVR	7	375	9.76396276596
T155H-F159Y-K160R-N189S-I192T	HHYRSTAIR	5	89	2.60956790123
H156Q-K160R-N189S-A196T-I202V	TQFRSITVR	5	1330	32.6162450956
K160R-I192T-A196T-I202V-R222W	THFRNTTVW	5	546	1.37847856998
T155H-F159Y	HHYKNIAIR	2	134	1.92283950617
N189S-I192T-R222W	THFKSTAIW	3	151	1.38249269006
F159Y-R222W	THYKNIAIW	2	240	4.20585523283
T155H-H156Q-F159Y-K160R	HQYRNIAIR	4	403	4.25295654566
H156Q-F159Y-N189S-I192T	TQYKSTAIR	4	252	36.6436100132
T155H-A196T-I202V-R222W	HHFKNITVW	4	370	0.56641209943
H156Q-F159Y-I202V	TQYKNIAVR	3	662	19.9493045081
F159Y-I192T-I202V-R222W	THYKNTAVW	4	209	2.53108465609
H156Q-F159Y-K160R-N189S-I192T-A196T-I202V	TQYRSTTVR	7	865	432.510424686
T155H-H156Q-F159Y-I192T	HQYKNTAIR	4	153	3.21067821068
T155H-H156Q-N189S-A196T-I202V	HQFKSITVR	5	610	2.44794508093
T155H-H156Q-I192T-A196T-R222W	HQFKNTTIW	5	323	0.953789437584
F159Y-N189S-A196T-I202V-R222W	THYKSITVW	5	317	4.82005590496
T155H-H156Q-F159Y-K160R-I192T-A196T	HQYRNTTIR	6	573	94.6249516066
T155H-F159Y-A196T	HHYKNITIR	3	221	2.56131131131
T155H-F159Y-K160R-I192T-I202V-R222W	HHYRNTAVW	6	133	1.84494195688
T155H-H156Q-I192T-A196T-I202V-R222W	HQFKNTTVW	6	541	1.14032390324
H156Q-F159Y-A196T-I202V	TQYKNITVR	4	668	539.676133533
H156Q-F159Y-A196T-R222W	TQYKNITIW	4	342	128.079850988
H156Q-K160R-R222W	TQFRNIAIW	3	723	1.43416206261
F159Y-K160R-N189S-I192T	THYRSTAIR	4	157	3.83350914205
T155H-H156Q-F159Y-N189S-I192T-A196T-R222W	HQYKSTTIW	7	270	2.69116441165
T155H-H156Q-F159Y-K160R-I192T-A196T-I202V-R222W	HQYRNTTVW	8	472	2.32587502936
T155H-H156Q-A196T-I202V	HQFKNITVR	4	679	2.67218137255
F159Y-N189S-R222W	THYKSIAIW	3	158	2.02131376659
T155H-H156Q-K160R-N189S-I192T-R222W	HQFRSTAIW	6	229	0.913647342997
K160R-I192T-R222W	THFRNTAIW	3	193	1.52920962199
I192T	THFKNTAIR	1	137	3.04549114332
N189S-I192T	THFKSTAIR	2	140	2.80535855004
T155H-H156Q-K160R-N189S	HQFRSIAIR	4	444	0.777777777778
F159Y-N189S-I192T-I202V-R222W	THYKSTAVW	5	77	2.69408831909
T155H-N189S-A196T-R222W	HHFKSITIW	4	209	1.00066137566
T155H-F159Y-K160R-I192T-A196T	HHYRNTTIR	5	146	1.76587301587
T155H-H156Q-K160R-N189S-A196T-I202V	HQFRSITVR	6	896	4.52000495479
T155H-H156Q-F159Y-I192T-A196T-R222W	HQYKNTTIW	6	212	6.4417057903
K160R-A196T-I202V	THFRNITVR	3	819	79.0508130081
F159Y-N189S-I192T-R222W	THYKSTAIW	4	107	3.66255144033
H156Q-K160R-I192T-R222W	TQFRNTAIW	4	272	29.9745624746
T155H-F159Y-I192T-R222W	HHYKNTAIW	4	37	5.52997076024
F159Y-K160R-N189S-I192T-I202V	THYRSTAVR	5	308	3.68033081625
T155H-H156Q-F159Y-N189S-A196T-I202V	HQYKSITVR	6	501	18.9356463037
T155H-H156Q-F159Y-K160R-N189S-I192T	HQYRSTAIR	6	270	1.96135711357
T155H-F159Y-N189S-I192T-A196T-I202V	HHYKSTTVR	6	240	5.48812816967
T155H-H156Q-K160R-I202V	HQFRNIAVR	4	741	0.699685534591
H156Q-F159Y-K160R-I202V-R222W	TQYRNIAVW	5	817	2.91649687585
H156Q-I192T-A196T-I202V-R222W	TQFKNTTVW	5	714	2.83527583527
K160R-I202V	THFRNIAVR	2	751	0.936945921986
H156Q-F159Y-N189S-A196T	TQYKSITIR	4	475	2360.03734827
K160R-R222W	THFRNIAIW	2	532	0.974046278923
T155H-H156Q-F159Y-I192T-A196T-I202V-R222W	HQYKNTTVW	7	436	1.41431477244
T155H-H156Q-F159Y-N189S-A196T-R222W	HQYKSITIW	6	305	2.38335148874
H156Q-F159Y-K160R-I192T-I202V	TQYRNTAVR	5	397	16.6160664433
T155H-F159Y-N189S-A196T-R222W	HHYKSITIW	5	88	2.77777777778
F159Y-N189S-I192T	THYKSTAIR	3	181	4.4826007326
T155H-K160R-I192T-I202V	HHFRNTAVR	4	252	1.41688625384
T155H-H156Q-A196T-I202V-R222W	HQFKNITVW	5	517	0.787483912485
T155H-N189S-I192T-R222W	HHFKSTAIW	4	109	1.91035353535
T155H-N189S-A196T-I202V	HHFKSITVR	4	213	1.32853063344
H156Q-F159Y-K160R-A196T-R222W	TQYRNITIW	5	579	305.703065134
H156Q-I192T	TQFKNTAIR	2	213	12.4188733126
H156Q-A196T-R222W	TQFKNITIW	3	490	10.8254129894
N189S-I202V	THFKSIAVR	2	391	1.07213718821
T155H-H156Q-F159Y-K160R-N189S-A196T	HQYRSITIR	6	481	281.407618718
F159Y-I202V	THYKNIAVR	2	407	4.15066721133
H156Q-F159Y-N189S-I202V	TQYKSIAVR	4	614	13.0846883469
H156Q-K160R-N189S-I192T-I202V	TQFRSTAVR	5	575	5.36506558642
T155H-N189S-I192T-I202V	HHFKSTAVR	4	176	1.18722536096
T155H-K160R-N189S	HHFRSIAIR	3	224	1.1537037037
T155H-F159Y-K160R-N189S-I192T-A196T-I202V-R222W	HHYRSTTVW	8	231	1.01233237548
H156Q-K160R-N189S-A196T	TQFRSITIR	4	917	313.700223917
T155H-K160R-I192T-R222W	HHFRNTAIW	4	150	1.39164827079
K160R-N189S-I192T-I202V	THFRSTAVR	4	315	2.5035161744
T155H-H156Q-N189S-I192T-I202V	HQFKSTAVR	5	272	0.860297110298
T155H-F159Y-K160R-N189S-A196T-R222W	HHYRSITIW	6	158	1.55485674353
T155H-F159Y-K160R-N189S-I192T-A196T-I202V	HHYRSTTVR	7	349	1.44801587302
T155H-F159Y-K160R-I202V-R222W	HHYRNIAVW	5	275	0.761372785829
A196T-R222W	THFKNITIW	2	397	3.13686487996
H156Q-F159Y-K160R-N189S-I192T	TQYRSTAIR	5	269	51.3672839506
H156Q-K160R-N189S-A196T-R222W	TQFRSITIW	5	796	13.1055694967
H156Q-A196T	TQFKNITIR	2	709	194.104264476
H156Q-F159Y-I192T-I202V-R222W	TQYKNTAVW	5	327	4.59773035231
T155H-H156Q-N189S-I192T-A196T	HQFKSTTIR	5	404	5.21913580247
H156Q-F159Y-K160R-R222W	TQYRNIAIW	4	508	13.5753656407
H156Q-F159Y-N189S-A196T-R222W	TQYKSITIW	5	384	71.9512987012
T155H-F159Y-K160R-N189S-I202V-R222W	HHYRSIAVW	6	268	0.781185460554
T155H-I192T-A196T-I202V	HHFKNTTVR	4	282	2.14026305457
H156Q-K160R-N189S-I192T-I202V-R222W	TQFRSTAVW	6	540	1.21097761347
H156Q-F159Y-N189S-R222W	TQYKSIAIW	4	266	5.60185185185
T155H-H156Q-K160R-N189S-R222W	HQFRSIAIW	5	350	0.739553656222
K160R-N189S-A196T-I202V	THFRSITVR	4	655	10.8725016938
T155H-N189S-A196T	HHFKSITIR	3	221	1.05793293293
T155H-H156Q-F159Y-K160R-A196T-I202V-R222W	HQYRNITVW	7	517	3.22152509652
T155H-H156Q-K160R-N189S-I202V-R222W	HQFRSIAVW	6	685	0.306324910917
T155H-K160R-N189S-I192T-A196T	HHFRSTTIR	5	316	3.23650543288
F159Y-K160R-R222W	THYRNIAIW	3	337	1.02399737015
F159Y-K160R-I192T-A196T-R222W	THYRNTTIW	5	356	6.47486772486
F159Y-N189S-I192T-A196T-R222W	THYKSTTIW	5	203	2.78730936819
H156Q-N189S-A196T	TQFKSITIR	3	599	149.178009259
H156Q-F159Y-K160R-A196T	TQYRNITIR	4	722	10235.0854849
H156Q-F159Y-I192T-A196T-I202V-R222W	TQYKNTTVW	6	405	15.8624110564
H156Q-F159Y-K160R-I192T-R222W	TQYRNTAIW	5	248	4.41822846943
T155H-F159Y-K160R-N189S-I192T-I202V-R222W	HHYRSTAVW	7	119	1.75115740741
F159Y-K160R-I192T-A196T-I202V-R222W	THYRNTTVW	6	346	7.76577009286
H156Q-K160R-I192T-A196T-R222W	TQFRNTTIW	5	748	7.75663848093
T155H-F159Y-I192T-I202V-R222W	HHYKNTAVW	5	73	2.83971471471
H156Q-F159Y-I192T-A196T-I202V	TQYKNTTVR	5	652	396.274885145
T155H-H156Q-N189S	HQFKSIAIR	3	388	1.17573550414
K160R-N189S-I192T-A196T	THFRSTTIR	4	416	15.0289768185
T155H-F159Y-N189S-A196T	HHYKSITIR	4	206	1.49288781535
T155H-H156Q-F159Y-N189S-I192T-I202V	HQYKSTAVR	6	206	3.64264626946
H156Q-F159Y-I192T-I202V	TQYKNTAVR	4	246	8.00719748089
I192T-I202V	THFKNTAVR	2	270	1.82451824518
K160R-I192T	THFRNTAIR	2	218	2.14485032978
T155H-H156Q-K160R-A196T	HQFRNITIR	4	620	10.6094560744
A196T-I202V	THFKNITVR	2	581	6.64781405116
I192T-A196T-R222W	THFKNTTIW	3	270	1.27716277163
T155H-F159Y-N189S-A196T-I202V	HHYKSITVR	5	222	1.88465371201
T155H-I202V	HHFKNIAVR	2	233	1.21498100665
T155H-H156Q-F159Y-I192T-A196T	HQYKNTTIR	5	272	74.4836182337
T155H-F159Y-K160R-I202V	HHYRNIAVR	4	354	0.696400625978
F159Y-N189S-I202V	THYKSIAVR	3	280	9.5457690787
T155H-I192T	HHFKNTAIR	2	158	2.48777078966
T155H-H156Q-N189S-I192T-I202V-R222W	HQFKSTAVW	6	250	2.01914563966
T155H-A196T-I202V	HHFKNITVR	3	324	3.76538461538
T155H-H156Q-K160R-R222W	HQFRNIAIW	4	450	0.630389258438
T155H-N189S-I192T-A196T-I202V	HHFKSTTVR	5	225	1.58616027532
T155H-F159Y-K160R-N189S-A196T-I202V-R222W	HHYRSITVW	7	366	0.976763548289
N189S-I192T-A196T-R222W	THFKSTTIW	4	186	5.61868686869
T155H-H156Q-K160R-I192T-A196T-I202V-R222W	HQFRNTTVW	7	853	0.506602914388
T155H-F159Y-K160R-A196T-I202V	HHYRNITVR	5	382	1.90419205106
T155H-N189S-I192T-I202V-R222W	HHFKSTAVW	5	111	1.87624007936
F159Y-K160R-A196T	THYRNITIR	3	526	305.650168669
T155H-H156Q-F159Y-K160R-N189S-I192T-A196T	HQYRSTTIR	7	412	78.3868038742
H156Q-N189S-A196T-I202V-R222W	TQFKSITVW	5	716	2.41360607469
F159Y-K160R-N189S-A196T	THYRSITIR	4	393	212.491892273
T155H-K160R-N189S-A196T	HHFRSITIR	4	327	1.80894308943
K160R-I192T-I202V-R222W	THFRNTAVW	4	322	3.32946336429
T155H-F159Y-I202V-R222W	HHYKNIAVW	4	252	0.928304787
F159Y-N189S-I192T-A196T	THYKSTTIR	4	234	90.3150118203
H156Q-F159Y-I192T-A196T	TQYKNTTIR	4	423	1139.81688941
N189S-I202V-R222W	THFKSIAVW	3	323	0.724879972564
H156Q-F159Y-N189S-I192T-A196T-I202V-R222W	TQYKSTTVW	7	503	4.36563051147
H156Q-A196T-I202V	TQFKNITVR	3	994	36.0894751535
H156Q-F159Y-K160R-N189S-A196T-R222W	TQYRSITIW	6	619	130.429659498
T155H-F159Y-N189S-I192T	HHYKSTAIR	4	99	2.10138888889
T155H-F159Y-N189S-R222W	HHYKSIAIW	4	137	1.52274557166
H156Q-F159Y-K160R-N189S-I192T-A196T	TQYRSTTIR	6	549	2234.50681818
H156Q-F159Y-N189S-A196T-I202V	TQYKSITVR	5	679	346.729166667
T155H-H156Q-F159Y-N189S-I192T	HQYKSTAIR	5	165	2.15947121821
T155H-K160R-N189S-A196T-I202V-R222W	HHFRSITVW	6	496	0.497429018556
T155H-H156Q-F159Y-I192T-I202V-R222W	HQYKNTAVW	6	171	1.2217377261
H156Q-F159Y-K160R-I192T	TQYRNTAIR	4	278	70.7994822778
T155H-H156Q-F159Y-N189S-I192T-R222W	HQYKSTAIW	6	113	3.14449317739
N189S-I192T-I202V	THFKSTAVR	3	191	2.38208912037
T155H-H156Q-K160R-I192T-R222W	HQFRNTAIW	5	187	2.30127068558
T155H-H156Q-F159Y-N189S-I202V-R222W	HQYKSIAVW	6	360	0.582102185288
T155H-H156Q-F159Y-K160R-I192T-A196T-I202V	HQYRNTTVR	7	604	17.4894398531
R222W	THFKNIAIW	1	342	0.792840945901
H156Q-N189S-I192T-I202V-R222W	TQFKSTAVW	5	293	0.714758125473
F159Y-N189S-I192T-A196T-I202V	THYKSTTVR	5	277	27.3900879296
K160R-N189S-A196T-I202V-R222W	THFRSITVW	5	610	1.67916893981
T155H-H156Q-K160R-I202V-R222W	HQFRNIAVW	5	713	1.17724867725
T155H-H156Q-N189S-I202V-R222W	HQFKSIAVW	5	612	1.79468007975
K160R-I192T-A196T-I202V	THFRNTTVR	4	690	7.6563756231
T155H-K160R-A196T-R222W	HHFRNITIW	4	339	3.78104575164
H156Q-F159Y-R222W	TQYKNIAIW	3	301	3.43818984547
F159Y-K160R-I192T-A196T	THYRNTTIR	4	347	172.629310345
T155H-H156Q-I202V-R222W	HQFKNIAVW	4	572	0.453025014543
F159Y-K160R-N189S-I192T-A196T	THYRSTTIR	5	241	93.2702020201
F159Y-N189S-A196T-I202V	THYKSITVR	4	373	50.5681818182
T155H-H156Q-K160R-N189S-I202V	HQFRSIAVR	5	684	0.433090024331
F159Y-N189S-I202V-R222W	THYKSIAVW	4	228	1.56538088307
T155H-F159Y-K160R-R222W	HHYRNIAIW	4	195	1.8289399093
T155H-H156Q-F159Y-K160R-N189S-A196T-R222W	HQYRSITIW	7	447	11.8644593254
T155H-I192T-A196T-I202V-R222W	HHFKNTTVW	5	220	0.950854700853
T155H-H156Q-F159Y-K160R-I192T-A196T-R222W	HQYRNTTIW	7	318	6.23867990247
T155H-H156Q-F159Y-N189S-A196T	HQYKSITIR	5	351	74.2017834596
H156Q-F159Y-I192T-R222W	TQYKNTAIW	4	156	1.96832979476
N189S-I192T-A196T-I202V	THFKSTTVR	4	442	10.9938550288
F159Y-K160R-I202V	THYRNIAVR	3	507	5.83989501314
T155H-H156Q-K160R-N189S-I192T-A196T-I202V-R222W	HQFRSTTVW	8	535	0.691853233831
T155H-H156Q-F159Y-K160R-N189S-I192T-A196T-I202V-R222W	HQYRSTTVW	9	523	4.34054283291
H156Q-F159Y-K160R-I192T-A196T-I202V-R222W	TQYRNTTVW	7	818	22.9714421381
H156Q-N189S-R222W	TQFKSIAIW	3	393	1.34905527355
T155H-A196T	HHFKNITIR	2	205	2.76024811219
T155H-H156Q-N189S-I192T-A196T-I202V-R222W	HQFKSTTVW	7	426	0.839513400989
WT	THFKNIAIR	0	444	1.0
K160R-A196T-R222W	THFRNITIW	3	438	2.92837256391
F159Y-K160R-A196T-I202V	THYRNITVR	4	567	85.9837147888
T155H-N189S-I192T-A196T	HHFKSTTIR	4	164	2.17255892256
H156Q-N189S-A196T-I202V	TQFKSITVR	4	856	25.7318812395
F159Y-K160R-N189S-I192T-A196T-I202V-R222W	THYRSTTVW	7	372	3.04885314269
F159Y-A196T	THYKNITIR	2	250	609.141766268
T155H-H156Q-I202V	HQFKNIAVR	3	584	1.71153846154
N189S	THFKSIAIR	1	314	1.64814814815
T155H-H156Q-F159Y-N189S-A196T-I202V-R222W	HQYKSITVW	7	407	1.57543572985
T155H-K160R-N189S-I192T-I202V-R222W	HHFRSTAVW	6	153	1.36453823954
H156Q-K160R-N189S-I192T-A196T	TQFRSTTIR	5	796	99.974557368
H156Q-F159Y-N189S-I192T-I202V	TQYKSTAVR	5	260	432.21264368
T155H-H156Q-I192T-A196T	HQFKNTTIR	4	552	23.9175205947
A196T-I202V-R222W	THFKNITVW	3	500	26.7453980927
T155H-K160R-N189S-I202V-R222W	HHFRSIAVW	5	325	0.796267893662
T155H-H156Q-F159Y-K160R-I192T-I202V	HQYRNTAVR	6	430	0.71700180459
H156Q-K160R-N189S	TQFRSIAIR	3	860	9.26006581494
T155H-H156Q-K160R-I192T-I202V	HQFRNTAVR	5	484	0.688144329897
H156Q-K160R-N189S-A196T-I202V-R222W	TQFRSITVW	6	1056	13.0276989383
T155H-N189S-A196T-I202V-R222W	HHFKSITVW	5	311	1.22818732194
T155H-H156Q-F159Y-K160R-A196T	HQYRNITIR	5	638	211.493001217
T155H-H156Q-F159Y-A196T-I202V-R222W	HQYKNITVW	6	315	2.6599859353
H156Q-K160R-N189S-I202V-R222W	TQFRSIAVW	5	866	0.727124183005
H156Q	TQFKNIAIR	1	654	8.66221374045
N189S-I192T-I202V-R222W	THFKSTAVW	4	125	3.62985008818
H156Q-N189S-I192T-I202V	TQFKSTAVR	4	346	4.09662183798
H156Q-K160R-A196T	TQFRNITIR	3	872	292.277268678
H156Q-F159Y-K160R-N189S-A196T	TQYRSITIR	5	684	4926.99452555
F159Y-K160R-N189S-R222W	THYRSIAIW	4	254	1.40577342048
H156Q-K160R-N189S-I192T-A196T-I202V	TQFRSTTVR	6	1088	43.8598102234
H156Q-K160R-I192T	TQFRNTAIR	3	540	42.4756110084
H156Q-F159Y-I192T-A196T-R222W	TQYKNTTIW	5	387	122.878364834
T155H-F159Y-K160R-I192T	HHYRNTAIR	4	98	2.12261503928
K160R-N189S-I192T-R222W	THFRSTAIW	4	196	1.81965595037
T155H-H156Q-F159Y-R222W	HQYKNIAIW	4	303	0.691246345028
I192T-R222W	THFKNTAIW	2	187	1.24926122932
T155H-F159Y-K160R-A196T-R222W	HHYRNITIW	5	191	1.09447337963
F159Y-N189S-A196T	THYKSITIR	3	323	234.212534293
T155H-H156Q-F159Y-I192T-A196T-I202V	HQYKNTTVR	6	457	13.6565987385
F159Y-K160R-N189S-I202V-R222W	THYRSIAVW	5	380	0.681321084863
T155H-H156Q-F159Y-N189S	HQYKSIAIR	4	270	3.69464944649
K160R-N189S-I192T-I202V-R222W	THFRSTAVW	5	279	0.750496031747
F159Y-K160R-N189S-I192T-I202V-R222W	THYRSTAVW	6	149	4.36759259259
H156Q-N189S-I192T-R222W	TQFKSTAIW	4	223	1.21403769841
T155H-H156Q-F159Y-I192T-I202V	HQYKNTAVR	5	245	2.36167570009
T155H-H156Q-F159Y-I192T-R222W	HQYKNTAIW	5	109	2.1351010101
K160R-N189S-A196T	THFRSITIR	3	531	17.5657894737
H156Q-K160R-I202V-R222W	TQFRNIAVW	4	938	2.882942847
T155H-F159Y-N189S-I192T-R222W	HHYKSTAIW	5	28	7.24616858237
T155H-H156Q-F159Y-K160R-N189S-I202V-R222W	HQYRSIAVW	7	452	0.463882756929
T155H-I202V-R222W	HHFKNIAVW	3	186	1.12373737374
H156Q-I192T-A196T-R222W	TQFKNTTIW	4	521	6.93832481907
T155H-H156Q-F159Y-K160R-N189S-I192T-A196T-I202V	HQYRSTTVR	8	546	17.5586532602
F159Y-N189S-I192T-A196T-I202V-R222W	THYKSTTVW	6	231	4.10261015326
T155H-H156Q-F159Y-K160R-A196T-R222W	HQYRNITIW	6	351	13.0985637626
H156Q-F159Y-K160R-N189S-A196T-I202V-R222W	TQYRSITVW	7	794	19.4046121593
N189S-A196T-I202V-R222W	THFKSITVW	4	541	0.91225912259
F159Y-I192T-A196T-R222W	THYKNTTIW	4	219	6.91098484849
H156Q-N189S-I192T-A196T-I202V-R222W	TQFKSTTVW	6	572	2.2004072135
T155H-K160R-I192T-A196T-I202V-R222W	HHFRNTTVW	6	388	2.00192802057
H156Q-N189S-I192T-A196T-R222W	TQFKSTTIW	5	465	3.9258464473
N189S-A196T	THFKSITIR	2	485	13.8108710562
H156Q-F159Y-K160R-A196T-I202V	TQYRNITVR	5	1228	1069.13050357
F159Y-A196T-R222W	THYKNITIW	3	286	27.866337592
T155H-F159Y-K160R-N189S-I192T-I202V	HHYRSTAVR	6	179	2.12885802469
T155H-F159Y-A196T-I202V-R222W	HHYKNITVW	5	257	1.67689491817
H156Q-N189S	TQFKSIAIR	2	429	11.5274547803
H156Q-N189S-I202V-R222W	TQFKSIAVW	4	678	1.72946326297
H156Q-I202V	TQFKNIAVR	2	697	5.95033428846
T155H-F159Y-K160R-I192T-A196T-I202V	HHYRNTTVR	6	322	2.90849673203
T155H-H156Q-K160R-N189S-I192T-A196T	HQFRSTTIR	6	528	7.05681579501
K160R-N189S-I202V-R222W	THFRSIAVW	4	611	3.19126724764
T155H-F159Y-K160R-N189S-A196T-I202V	HHYRSITVR	6	390	1.13810741688
T155H-H156Q-F159Y-N189S-I192T-A196T	HQYKSTTIR	6	202	24.7831143952
T155H-F159Y-I192T-I202V	HHYKNTAVR	4	96	3.95045819015
H156Q-K160R-N189S-I192T-R222W	TQFRSTAIW	5	374	3.03259259259
T155H-H156Q-N189S-R222W	HQFKSIAIW	4	387	0.541595074454
T155H-H156Q-F159Y-N189S-I192T-I202V-R222W	HQYKSTAVW	7	189	2.2119883041
T155H-F159Y-K160R-I192T-I202V	HHYRNTAVR	5	221	1.33633633633
H156Q-N189S-I202V	TQFKSIAVR	3	685	5.00931324911
H156Q-F159Y-K160R-N189S-I192T-I202V-R222W	TQYRSTAVW	7	386	0.926284811942
K160R-N189S	THFRSIAIR	2	359	2.88425925926
H156Q-K160R-N189S-I192T-A196T-R222W	TQFRSTTIW	6	551	4.1427636876
T155H-H156Q-F159Y	HQYKNIAIR	3	373	7.20513963162
T155H-H156Q-F159Y-N189S-I192T-A196T-I202V-R222W	HQYKSTTVW	8	393	1.91377608573
T155H-H156Q-A196T	HQFKNITIR	3	524	7.58148148149
T155H-H156Q-F159Y-K160R-I192T-I202V-R222W	HQYRNTAVW	7	273	0.902270884022
H156Q-F159Y-K160R-I192T-A196T	TQYRNTTIR	5	630	3161.99572988
T155H-H156Q-K160R-N189S-I192T-A196T-R222W	HQFRSTTIW	7	507	0.510990813648
N189S-I192T-A196T	THFKSTTIR	3	335	14.0166170635
H156Q-K160R	TQFRNIAIR	2	815	7.5287649782
N189S-A196T-I202V	THFKSITVR	3	465	41.1683357177
T155H-H156Q	HQFKNIAIR	2	441	0.950854700853
T155H-H156Q-K160R-N189S-A196T-I202V-R222W	HQFRSITVW	7	936	0.897071030475
T155H-K160R-N189S-I192T-A196T-I202V-R222W	HHFRSTTVW	7	290	0.72212676594
N189S-A196T-R222W	THFKSITIW	3	398	2.85018100808
T155H-H156Q-F159Y-K160R-N189S-I192T-I202V	HQYRSTAVR	7	302	2.32535753575
T155H-F159Y-K160R	HHYRNIAIR	3	284	1.25779727095
T155H-H156Q-F159Y-I202V-R222W	HQYKNIAVW	5	399	0.525347222222
H156Q-F159Y-K160R-N189S-R222W	TQYRSIAIW	5	459	4.5413647343
F159Y-N189S	THYKSIAIR	2	181	11.614010989
I192T-A196T-I202V-R222W	THFKNTTVW	4	365	0.776791135399
T155H-H156Q-F159Y-K160R-N189S	HQYRSIAIR	5	339	4.79901960784
H156Q-F159Y-K160R-N189S-A196T-I202V	TQYRSITVR	6	853	687.807539681
T155H-H156Q-N189S-I192T-A196T-I202V	HQFKSTTVR	6	594	1.76587301587
T155H-H156Q-I192T-A196T-I202V	HQFKNTTVR	5	721	2.10584025854
T155H-I192T-I202V-R222W	HHFKNTAVW	4	104	9.06481481482
F159Y-K160R-I192T-I202V-R222W	THYRNTAVW	5	218	1.35464231355
F159Y-I192T-A196T-I202V	THYKNTTVR	4	427	42.6862668743
T155H-K160R-I192T-A196T	HHFRNTTIR	4	330	1.19503188989
T155H-K160R-N189S-A196T-I202V	HHFRSITVR	5	595	1.97031133482
T155H-H156Q-K160R-I192T-A196T	HQFRNTTIR	5	525	6.86206168145
K160R-N189S-I202V	THFRSIAVR	3	654	3.00063613232
H156Q-F159Y-N189S-I192T-A196T	TQYKSTTIR	5	290	1107.69998091
T155H-F159Y-N189S-I192T-A196T-I202V-R222W	HHYKSTTVW	7	221	1.16929429429
K160R-N189S-R222W	THFRSIAIW	3	276	0.758624147615
T155H-H156Q-F159Y-K160R-N189S-R222W	HQYRSIAIW	6	298	0.909513192122
T155H-N189S-I192T-A196T-R222W	HHFKSTTIW	5	202	1.03516694034
T155H-K160R-I192T	HHFRNTAIR	3	128	1.91645133506
H156Q-F159Y-N189S	TQYKSIAIR	3	462	61.2182025438
H156Q-F159Y-N189S-I192T-I202V-R222W	TQYKSTAVW	6	248	7.49609549307
H156Q-F159Y-N189S-A196T-I202V-R222W	TQYKSITVW	6	462	23.280537557
K160R-I192T-A196T	THFRNTTIR	3	426	15.806010929
F159Y-I192T-A196T-I202V-R222W	THYKNTTVW	5	303	3.09027777778
H156Q-F159Y-N189S-I202V-R222W	TQYKSIAVW	5	455	2.33126218323
H156Q-F159Y-K160R	TQYRNIAIR	3	636	180.58477237
H156Q-K160R-A196T-I202V-R222W	TQFRNITVW	5	986	5.4103343465
T155H-H156Q-I192T-I202V-R222W	HQFKNTAVW	5	255	0.820855034722
T155H-H156Q-N189S-I192T	HQFKSTAIR	4	195	1.95507369614
F159Y-K160R-N189S-A196T-I202V-R222W	THYRSITVW	6	441	3.77545248869
T155H-H156Q-F159Y-N189S-I202V	HQYKSIAVR	5	429	1.23611111111
H156Q-F159Y-K160R-N189S-I192T-I202V	TQYRSTAVR	6	361	28.8198281154
T155H-K160R-I192T-I202V-R222W	HHFRNTAVW	5	155	2.45637464388
T155H-K160R-I202V-R222W	HHFRNIAVW	4	364	0.575722983257
H156Q-F159Y-A196T	TQYKNITIR	3	588	3105.45109413
T155H-H156Q-F159Y-A196T-I202V	HQYKNITVR	5	609	25.2288251366
T155H-K160R-I192T-A196T-R222W	HHFRNTTIW	5	251	2.25639329806
H156Q-F159Y-N189S-I192T-A196T-I202V	TQYKSTTVR	6	586	136.309151997
H156Q-F159Y-I192T	TQYKNTAIR	3	236	19.6108766995
I192T-A196T-I202V	THFKNTTVR	3	349	7.59325396825
T155H-H156Q-K160R-N189S-I192T	HQFRSTAIR	5	277	0.889288569144
T155H-H156Q-F159Y-K160R-N189S-A196T-I202V-R222W	HQYRSITVW	8	573	5.87906504066
K160R-I192T-I202V	THFRNTAVR	3	410	1.17295214923
T155H-H156Q-F159Y-K160R-N189S-I192T-R222W	HQYRSTAIW	7	144	1.8754789272
T155H-H156Q-R222W	HQFKNIAIW	3	365	0.641697024895
I192T-A196T	THFKNTTIR	2	400	12.5152396786
T155H-F159Y-K160R-A196T	HHYRNITIR	4	288	1.88196847366
F159Y-K160R-I192T-I202V	THYRNTAVR	4	354	1.46244131455
T155H-F159Y-K160R-N189S-A196T	HHYRSITIR	5	178	3.65999379268
T155H	HHFKNIAIR	1	244	0.857709750566
T155H-K160R-N189S-I192T-A196T-I202V	HHFRSTTVR	6	338	0.948049819731
H156Q-I192T-A196T-I202V	TQFKNTTVR	4	844	34.1283694937
K160R	THFRNIAIR	1	440	4.65293524816
F159Y-N189S-A196T-R222W	THYKSITIW	4	136	21.5642741282
F159Y-A196T-I202V	THYKNITVR	3	390	67.9386899687
H156Q-F159Y-I202V-R222W	TQYKNIAVW	4	431	2.8041409465
T155H-I192T-A196T	HHFKNTTIR	3	228	1.51140223193
T155H-F159Y-N189S-A196T-I202V-R222W	HHYKSITVW	6	196	1.06669486746
H156Q-I192T-I202V-R222W	TQFKNTAVW	4	282	5.41617589321
H156Q-F159Y-K160R-I192T-A196T-R222W	TQYRNTTIW	6	570	66.9578225335
T155H-K160R-N189S-I192T-I202V	HHFRSTAVR	5	236	1.2517580872
T155H-F159Y-N189S-I202V	HHYKSIAVR	4	197	1.43588664422
T155H-K160R-N189S-I192T	HHFRSTAIR	4	128	2.77885443583
T155H-I192T-R222W	HHFKNTAIW	3	132	1.57999164578
T155H-K160R-N189S-A196T-R222W	HHFRSITIW	5	260	0.805129842486
F159Y-I192T	THYKNTAIR	2	84	8.58006535946
F159Y-K160R-I192T-A196T-I202V	THYRNTTVR	5	496	42.7540241449
T155H-H156Q-F159Y-K160R-N189S-A196T-I202V	HQYRSITVR	7	689	193.514090177
H156Q-F159Y-K160R-N189S-I192T-A196T-I202V-R222W	TQYRSTTVW	8	688	17.2230285438
K160R-N189S-I192T-A196T-R222W	THFRSTTIW	5	367	1.51154891304
F159Y-K160R-A196T-R222W	THYRNITIW	4	392	13.367613797
F159Y-K160R-I192T	THYRNTAIR	3	181	14.3986568986
H156Q-F159Y-K160R-N189S-I192T-A196T-R222W	TQYRSTTIW	7	501	52.1776781762
T155H-F159Y-N189S-I192T-A196T	HHYKSTTIR	5	159	4.01736111111
T155H-H156Q-K160R-A196T-R222W	HQFRNITIW	5	461	8.85612073113
T155H-H156Q-F159Y-K160R-I202V-R222W	HQYRNIAVW	6	543	1.59058415033
T155H-F159Y-K160R-N189S-I192T-A196T	HHYRSTTIR	6	272	1.26780626781
I202V	THFKNIAVR	1	525	2.2325200676
H156Q-I192T-A196T	TQFKNTTIR	3	551	98.2394826892
T155H-F159Y-I192T-A196T-I202V	HHYKNTTVR	5	304	1.4995446266
T155H-H156Q-K160R-I192T-I202V-R222W	HQFRNTAVW	6	361	1.05854818907
K160R-A196T-I202V-R222W	THFRNITVW	4	600	3.82556849695
T155H-F159Y-I192T-A196T-I202V-R222W	HHYKNTTVW	6	251	1.42250881834
T155H-H156Q-K160R-I192T-A196T-R222W	HQFRNTTIW	6	647	1.27807784637
T155H-F159Y-N189S-I192T-A196T-R222W	HHYKSTTIW	6	166	1.48037258816
H156Q-F159Y-K160R-N189S	TQYRSIAIR	4	509	120.36328976
H156Q-F159Y-K160R-N189S-I202V-R222W	TQYRSIAVW	6	613	4.50959102425
H156Q-F159Y-K160R-I202V	TQYRNIAVR	4	802	25.75359762
H156Q-F159Y-K160R-A196T-I202V-R222W	TQYRNITVW	6	877	38.3926537586
T155H-H156Q-K160R-N189S-I192T-I202V-R222W	HQFRSTAVW	7	329	0.711700336699
F159Y-K160R-N189S-A196T-I202V	THYRSITVR	5	482	58.5553255119
T155H-F159Y-I192T-A196T	HHYKNTTIR	4	212	2.72756911841
T155H-H156Q-F159Y-K160R-I192T	HQYRNTAIR	5	214	2.01227390181
F159Y	THYKNIAIR	1	257	26.0637381568
T155H-H156Q-F159Y-K160R-N189S-I192T-A196T-R222W	HQYRSTTIW	8	415	2.43656517094
H156Q-F159Y-N189S-I192T-R222W	TQYKSTAIW	5	123	3.78808243728
K160R-N189S-I192T	THFRSTAIR	3	202	6.88081554461
T155H-R222W	HHFKNIAIW	2	129	1.61645299145
H156Q-F159Y-N189S-I192T-A196T-R222W	TQYKSTTIW	6	336	26.2260962743
F159Y-K160R-N189S-I202V	THYRSIAVR	4	460	2.35960472403
F159Y-K160R-N189S	THYRSIAIR	3	246	3.95355375619
F159Y-K160R-N189S-I192T-A196T-R222W	THYRSTTIW	6	283	3.48200312989
H156Q-K160R-N189S-I192T	TQFRSTAIR	4	376	7.14780430298
H156Q-K160R-I202V	TQFRNIAVR	3	1116	4.58146821844
H156Q-N189S-I192T-A196T-I202V	TQFKSTTVR	5	803	19.4180140962
F159Y-K160R-I202V-R222W	THYRNIAVW	4	397	2.51570351759
T155H-H156Q-K160R-N189S-A196T-R222W	HQFRSITIW	6	460	1.36749819234
T155H-F159Y-N189S-I202V-R222W	HHYKSIAVW	5	180	1.50245549417
T155H-H156Q-N189S-A196T	HQFKSITIR	4	506	4.77865439404
T155H-H156Q-N189S-I202V	HQFKSIAVR	4	554	1.75950950951
H156Q-F159Y	TQYKNIAIR	2	319	144.586371528
T155H-F159Y-N189S-I192T-I202V-R222W	HHYKSTAVW	6	101	2.30255991285
H156Q-K160R-A196T-I202V	TQFRNITVR	4	1502	160.916500333
T155H-F159Y-K160R-N189S-I192T-R222W	HHYRSTAIW	6	108	1.92787971458
H156Q-K160R-A196T-R222W	TQFRNITIW	4	827	14.5556561997
T155H-H156Q-I192T-I202V	HQFKNTAVR	4	333	1.9244843646
T155H-F159Y-A196T-R222W	HHYKNITIW	4	200	1.16846323936
