mut	mutclass	InputCount	fitness
N145K-G186V-N189S-P194L-S219F-P227S	6	37	24.5324397824
N145K-G186V-N189S-P194L-S219F	5	16	2.01657601657
N145K-N189S-P194L-N225D-P227S	5	25	19.4987049987
N145K-N189S-P194L-N225D	4	17	15.8403587153
D190E-F193S-P194L-P227S	4	167	0.578981974815
D190E-F193S-P194L	3	138	0.85580626408
G186V-D190E-F193S-P194L-S219F-N225D-P227S	7	76	1.27757175485
G186V-D190E-F193S-P194L-S219F-N225D	6	109	1.24116691389
D190E-F193S-P194L-S219F-P227S	5	172	0.421091379184
N145K-D190E-S219F-N225D	4	225	0.217018437151
N145K-D190E-S219F-N225D-P227S	5	268	0.051686197597
D190E-P194L-S219F-N225D	4	23	1.87283626867
D190E-P194L-S219F-N225D-P227S	5	24	0.760486920485
G186V-F193S-P194L-P227S	4	130	52.6630164436
G186V-F193S-P194L	3	134	50.6045938972
G186V-F193S-S219F-N225D	4	195	0.247753238825
G186V-F193S-S219F-N225D-P227S	5	175	0.187446654776
N145K-G186V-N189S-F193S-S219F-P227S	6	310	0.113660514786
N145K-G186V-N189S-F193S-S219F	5	313	0.0814660981859
G186V-N189S-D190E-P194L-N225D-P227S	6	19	0.537056462057
G186V-N189S-D190E-P194L-N225D	5	13	0.576085951086
N145K-G186V-N189S-P194L-S219F-N225D	6	17	40.1856708106
N145K-G186V-N189S-P194L-S219F-N225D-P227S	7	21	20.5627810741
D190E-F193S-P194L-N225D	4	140	0.185933255082
D190E-F193S-P194L-N225D-P227S	5	111	0.313438875939
G186V-D190E-F193S-P194L-S219F	5	145	0.468075557117
N145K-N189S-D190E-F193S-S219F-P227S	6	373	0.19518318382
N145K-N189S-D190E-F193S-S219F	5	347	0.179384472488
G186V-F193S-P194L-S219F-N225D	5	99	62.2841407666
N145K-G186V-D190E-N225D-P227S	5	179	0.154484301706
N145K-G186V-D190E-N225D	4	219	0.178536825128
N145K-S219F-N225D-P227S	4	217	0.996669529927
N145K-S219F-N225D	3	232	0.754373547292
N189S-D190E-F193S-P194L-S219F-P227S	6	111	1.32610040423
N189S-D190E-F193S-P194L-S219F	5	169	1.7097966848
N145K-G186V-F193S-S219F-N225D	5	200	0.0790405006824
N145K-G186V-F193S-S219F-N225D-P227S	6	223	0.154881576757
N145K-D190E-F193S-P227S	4	305	0.202721661055
N145K-D190E-F193S	3	339	0.0960955710956
N145K-G186V-N189S-D190E-F193S-P194L-S219F-N225D-P227S	9	105	4.70414290461
N145K-G186V-N189S-D190E-F193S-P194L-S219F-N225D	8	107	1.30712154786
N145K-G186V-N189S-F193S-P194L-S219F-P227S	7	202	100.526929328
N145K-G186V-N189S-F193S-P194L-S219F	6	159	19.1943885975
N145K-D190E-P194L-P227S	4	30	0.52697571246
N145K-D190E-P194L	3	31	0.2520376036
N189S-D190E-F193S-P194L-S219F-N225D	6	94	0.446742730953
N189S-D190E-F193S-P194L-S219F-N225D-P227S	7	101	0.859870068203
N145K-G186V-N189S-D190E-S219F-N225D-P227S	7	195	0.147410790268
N145K-G186V-D190E-F193S-S219F-N225D-P227S	7	244	0.188578881436
N145K-G186V-D190E-F193S-S219F-N225D	6	236	0.205445671691
G186V-S219F-N225D	3	184	0.17681037681
G186V-S219F-N225D-P227S	4	165	0.18915678253
F193S-S219F-N225D-P227S	4	184	0.205739305739
F193S-S219F-N225D	3	189	0.380755599177
G186V-N189S-P194L-N225D	4	7	11.9106772857
N145K-G186V-D190E-S219F-N225D-P227S	6	200	0.115907447997
N145K-G186V-D190E-S219F-N225D	5	200	0.192992883291
N145K-N189S-P194L-S219F	4	33	43.6376262626
N145K-N189S-P194L-S219F-P227S	5	30	34.4073489235
N145K-N189S-D190E-F193S-S219F-N225D	6	290	0.134976293911
N145K-N189S-D190E-F193S-S219F-N225D-P227S	7	268	0.181910372431
N145K-G186V-F193S-P227S	4	301	0.406290147184
N145K-G186V-F193S	3	271	0.0986548174047
N145K-D190E-F193S-N225D	4	250	0.155219061593
N145K-D190E-F193S-N225D-P227S	5	222	0.215406624599
N145K-D190E-P194L-N225D	4	35	0.224033425422
N145K-D190E-P194L-N225D-P227S	5	26	0.298711233897
N145K-N189S-F193S-S219F-N225D-P227S	6	270	0.391449025213
N145K-N189S-F193S-S219F-N225D	5	273	0.614174923483
G186V-D190E	2	209	0.127781477781
G186V-D190E-P227S	3	199	0.228857161357
N145K-G186V-D190E-F193S-P194L-N225D-P227S	7	114	3.10306521176
N145K-G186V-D190E-F193S-P194L-N225D	6	114	6.76751348491
N145K-G186V-N189S-S219F-N225D	5	180	0.0606872664884
N145K-G186V-N189S-S219F-N225D-P227S	6	186	0.102970262061
N145K-G186V-D190E-S219F	4	287	0.107403495424
N145K-G186V-D190E-S219F-P227S	5	284	0.165525929561
N145K-G186V-P194L-N225D	4	27	21.7856726607
N145K-G186V-P194L-N225D-P227S	5	20	22.3448280115
N145K-G186V-N189S	3	210	0.0902824575809
N145K-G186V-N189S-D190E-P194L	5	27	1.1220978096
N145K-G186V-N189S-D190E-P194L-P227S	6	25	0.647029964338
N145K-F193S	2	324	0.185457932381
N145K-F193S-P227S	3	273	0.447535669251
N189S-D190E-N225D	3	179	0.449730208063
N189S-D190E-N225D-P227S	4	156	0.169606814511
G186V-D190E-F193S	3	240	0.17726660154
G186V-D190E-F193S-P227S	4	212	0.19090538222
G186V-D190E-S219F-N225D-P227S	5	166	0.201246303043
G186V-D190E-S219F-N225D	4	204	0.0393424551961
S219F	1	251	1.25241887742
S219F-P227S	2	264	2.42009060122
D190E-N225D	2	160	0.147493810537
D190E-N225D-P227S	3	172	0.273119890172
G186V-N189S-F193S-P227S	4	229	0.082661621792
G186V-N189S-F193S	3	205	0.250896442644
N145K-G186V-F193S-S219F-P227S	5	305	0.262834901724
N145K-G186V-F193S-S219F	4	275	0.140684764779
N145K-D190E-F193S-P194L-S219F-P227S	6	204	0.500498101718
N145K-D190E-F193S-P194L-S219F	5	178	0.396208901796
G186V-N189S-P194L-S219F-P227S	5	23	4.62049447466
G186V-N189S-P194L-S219F	4	24	0.878751618751
G186V-P194L-S219F-N225D-P227S	5	19	17.0548174048
N145K-G186V-N189S-D190E-P194L-S219F-N225D	7	24	0.67291116291
N145K-G186V-F193S-P194L-N225D-P227S	6	123	78.6994161007
N145K-G186V-S219F-N225D	4	196	0.233482159878
N145K-G186V-S219F-N225D-P227S	5	211	0.142905530877
N145K-G186V-N189S-F193S-P227S	5	226	0.206417501572
N145K-G186V-N189S-F193S	4	279	0.158523883524
G186V-P194L-P227S	3	22	22.404065741
G186V-P194L	2	20	13.3404219238
G186V-N189S-D190E-F193S-P194L-N225D	6	99	2.29568246568
N189S	1	218	0.913935041788
G186V-N189S-D190E-F193S-S219F	5	267	0.135597749404
G186V-N189S-D190E-F193S-S219F-P227S	6	248	0.396124513595
N145K-G186V-N189S-F193S-P194L-S219F-N225D	7	120	114.661330405
N145K-G186V-N189S-F193S-P194L-S219F-N225D-P227S	8	133	134.624825078
N189S-D190E-P194L-P227S	4	24	0.429645169645
N189S-D190E-P194L	3	20	0.384057300724
N145K-N189S-D190E-F193S-P194L-S219F-P227S	7	163	2.82163449694
N145K-N189S-D190E-F193S-P194L-S219F	6	163	0.308874786009
N145K-G186V-N189S-D190E-S219F-N225D	6	182	0.223019391052
D190E-F193S-N225D-P227S	4	169	0.141886816887
N145K-G186V-N189S-P194L-P227S	5	27	4.81185481185
G186V-N189S-D190E-F193S-N225D-P227S	6	174	0.0921737521739
G186V-N189S-D190E-F193S-N225D	5	193	0.246159720386
N145K-G186V-D190E-P194L-S219F	5	31	2.84434084434
N145K-G186V-D190E-P194L-S219F-P227S	6	29	1.19325088492
N189S-F193S-S219F-N225D-P227S	5	228	0.146760404402
N189S-F193S-S219F-N225D	4	218	0.184137061991
F193S	1	257	0.258932497305
F193S-P227S	2	275	0.374933373122
N145K-F193S-S219F-N225D	4	282	0.546769909844
G186V-D190E-F193S-P194L-S219F-P227S	6	152	1.77673458229
N145K-G186V-D190E-P194L-N225D-P227S	6	31	0.502905659155
N145K-G186V-D190E-P194L-N225D	5	17	0.610244179689
N145K-N189S-D190E-P194L-P227S	5	28	0.278110459145
N145K-N189S-D190E-P194L	4	25	0.405203414819
D190E-F193S-S219F-N225D	4	211	0.42703950487
D190E-F193S-S219F-N225D-P227S	5	209	0.556392989725
N145K-G186V-N189S-D190E-S219F	5	266	0.0722579196363
N145K-G186V-N189S-D190E-S219F-P227S	6	239	0.0775020504187
N189S-P194L-N225D-P227S	4	20	59.9655128823
N189S-P194L-N225D	3	24	28.3715514115
G186V-F193S-P194L-S219F-N225D-P227S	6	102	85.4555827129
G186V-N189S-S219F-P227S	4	234	0.212370017689
N145K-N189S-D190E-S219F-N225D	5	239	0.310242111283
G186V-D190E-P194L-S219F	4	29	1.07161788829
G186V-D190E-P194L-S219F-P227S	5	24	0.429645169645
F193S-P194L-S219F-N225D	4	130	128.429874197
G186V-N189S-D190E-S219F-N225D-P227S	6	194	0.186455946712
G186V-N189S-D190E-S219F-N225D	5	159	0.350162684538
N145K-N189S-D190E-F193S	4	318	0.248310814925
G186V-N189S-F193S-P194L-N225D	5	91	117.63354912
G186V-N189S-F193S-P194L-N225D-P227S	6	67	105.992424243
N145K-N225D	2	224	1.27745834413
N189S-P194L	2	25	83.3452324028
N189S-P194L-P227S	3	30	42.0566458631
F193S-P194L-S219F	3	183	85.6651228702
F193S-P194L-S219F-P227S	4	177	123.670901248
N145K-D190E-F193S-P194L-P227S	5	182	0.658628105349
N145K-D190E-F193S-P194L	4	211	0.465789058949
N145K-P194L-N225D-P227S	4	24	24.8999585599
N145K-P194L-N225D	3	24	11.6385936286
G186V-N225D	2	162	0.181502376288
G186V-N225D-P227S	3	153	0.353233887325
N145K-P227S	2	246	1.34868303087
G186V-F193S-P227S	3	223	0.0969889485513
G186V-F193S	2	210	0.170809443321
N189S-F193S-P194L-S219F	4	170	89.4497702321
G186V-N189S-D190E-F193S-P194L	5	96	0.644722402454
G186V-N189S-D190E-F193S-P194L-P227S	6	80	4.04819563153
N145K-N189S-D190E-F193S-P194L-P227S	6	134	1.32126008423
N145K-N189S-D190E-F193S-P194L	5	163	0.219989134623
G186V-D190E-P194L	3	27	1.14816202316
G186V-D190E-P194L-P227S	4	19	0.537056462057
N189S-D190E-F193S-N225D	4	229	0.247252626601
N189S-D190E-F193S-N225D-P227S	5	223	0.151122315185
G186V-N189S-F193S-P194L-S219F-P227S	6	132	100.697770066
G186V-N189S-F193S-P194L-S219F	5	122	18.022526179
D190E-S219F-N225D	3	220	0.19627238858
G186V-F193S-N225D	3	185	0.472547713139
G186V-F193S-N225D-P227S	4	208	0.154178888629
N145K-N189S-P194L	3	43	54.6204454216
N145K-N189S-P194L-P227S	4	26	57.0441427571
N145K-D190E-F193S-P194L-N225D	5	138	0.75376109369
N145K-D190E-F193S-P194L-N225D-P227S	6	139	0.230167055167
G186V-S219F-P227S	3	225	0.293608309095
G186V-S219F	2	222	0.120667988381
G186V-N189S-P194L-P227S	4	14	13.9871708538
G186V-N189S-P194L	3	25	4.39462176001
N145K-G186V-D190E-F193S-P194L-S219F-N225D-P227S	8	148	2.52421435139
N145K-G186V-D190E-F193S-P194L-S219F-N225D	7	137	1.715337132
N189S-F193S-P194L-N225D-P227S	5	100	92.1487135894
N189S-F193S-P194L-N225D	4	133	81.0806114146
N145K-N189S-D190E-F193S-P194L-N225D	6	115	0.658818512267
N145K-N189S-D190E-F193S-P194L-N225D-P227S	7	99	0.278071743072
G186V-N189S-F193S-P194L-S219F-N225D	6	121	70.6699981105
G186V-N189S-F193S-P194L-S219F-N225D-P227S	7	109	58.5852558216
N145K-N189S-F193S-N225D-P227S	5	223	0.183869660432
N145K-N189S-F193S-N225D	4	273	0.600242789112
G186V-N189S-P194L-N225D-P227S	5	11	7.00169429336
N189S-F193S-P194L	3	166	111.619536374
N189S-F193S-P194L-P227S	4	146	137.120422347
N145K-P194L-S219F	3	36	17.1414018914
N145K-P194L-S219F-P227S	4	35	34.0395658868
N145K-G186V-N189S-P227S	4	212	0.0745875147284
P194L	1	19	65.9971283346
P194L-P227S	2	25	69.5726346304
N145K-G186V-N189S-D190E	4	215	0.128563651712
N145K-G186V-N189S-D190E-P227S	5	235	0.129165678954
P194L-S219F-N225D-P227S	4	9	50.9604830355
P194L-S219F-N225D	3	25	29.8209561094
G186V-N189S-S219F	3	213	0.104756527654
G186V-F193S-P194L-N225D	4	113	102.560253343
D190E-S219F-N225D-P227S	4	204	0.411954757077
N145K-N189S-D190E-P194L-S219F-P227S	6	40	0.196712275981
N145K-N189S-D190E-P194L-S219F	5	20	0.384057300724
N145K-G186V-N189S-D190E-F193S-P194L	6	131	3.34164684922
N145K-G186V-N189S-D190E-F193S-P194L-P227S	7	149	13.53494561
N145K-N189S-D190E-S219F-N225D-P227S	6	279	0.152241739742
N145K-G186V-N189S-F193S-P194L	5	120	80.3184509858
N189S-P194L-S219F	3	22	59.8466887381
N189S-P194L-S219F-P227S	4	37	35.4675908886
D190E-F193S-P194L-S219F-N225D	5	125	0.346780277336
D190E-F193S-P194L-S219F-N225D-P227S	6	108	0.542155262339
G186V-D190E-P194L-N225D-P227S	5	15	0.67132057757
G186V-D190E-P194L-N225D	4	24	0.556143486144
N145K-N189S-F193S-P194L-S219F-N225D-P227S	7	151	45.4126887975
N145K-N189S-F193S-P194L-S219F-N225D	6	120	53.5452731383
N145K-N189S-D190E-P194L-S219F-N225D	6	28	1.25956291474
N145K-N189S-D190E-P194L-S219F-N225D-P227S	7	20	0.523066439733
N145K-G186V-N189S-F193S-P194L-P227S	6	141	85.939312774
N189S-P227S	2	181	1.60220370797
N145K-G186V-D190E-F193S-S219F	5	334	0.108366481501
N145K-G186V-D190E-F193S-S219F-P227S	6	301	0.137991178554
N145K-G186V-N189S-F193S-P194L-N225D-P227S	7	123	130.021447937
G186V-D190E-S219F	3	233	0.1061989609
G186V-D190E-S219F-P227S	4	226	0.118211939798
G186V-N189S-D190E	3	187	0.10003368381
G186V-N189S-D190E-P227S	4	177	0.238219853389
N145K-G186V-F193S-P194L-S219F-P227S	6	167	138.884498603
N145K-G186V-F193S-P194L-S219F	5	184	17.2186805687
N145K-F193S-S219F-N225D-P227S	5	211	0.283339564
N145K-N189S-S219F-P227S	4	259	1.08872327815
G186V-N189S-F193S-N225D	4	162	0.0658964984118
G186V-N189S-F193S-N225D-P227S	5	180	0.157145903003
N145K-P194L-S219F-N225D-P227S	5	27	14.679498742
N145K-P194L-S219F-N225D	4	25	13.4487229295
N145K-G186V-D190E-F193S-N225D-P227S	6	222	0.175799329387
N145K-G186V-D190E-F193S-N225D	5	223	0.18687706969
N189S-D190E-P194L-N225D-P227S	5	19	1.12089484589
N145K-G186V-N189S-D190E-N225D	5	164	0.116926451775
G186V-P194L-N225D	3	12	33.4512332397
G186V-P194L-N225D-P227S	4	27	47.1040487291
N145K-F193S-P194L-S219F	4	207	55.3565082531
N145K-F193S-P194L-S219F-P227S	5	169	119.217068117
N145K-N189S-F193S-P194L	4	147	66.6991353241
N145K-G186V-N189S-D190E-F193S-N225D-P227S	7	211	0.0613461049782
N145K-G186V-N189S-D190E-F193S-N225D	6	220	0.201606797761
N189S-D190E-P194L-S219F-N225D	5	26	5.94788818864
N189S-D190E-P194L-S219F-N225D-P227S	6	17	1.17994402716
D190E-F193S-N225D	3	208	0.4166053245
N145K-N189S-D190E-F193S-P194L-S219F-N225D	7	121	0.39634257667
N145K-N189S-D190E-F193S-P194L-S219F-N225D-P227S	8	132	0.794237438976
N145K-G186V-D190E-F193S	4	309	0.168414918415
N145K-G186V-D190E-F193S-P227S	5	277	0.178646360301
N145K-G186V-F193S-P194L-S219F-N225D-P227S	7	142	146.00827533
N145K-G186V-N189S-S219F-P227S	5	260	0.182037240467
N145K-N189S-D190E-F193S-N225D	5	261	0.108776895991
N145K-N189S-D190E-F193S-N225D-P227S	6	230	0.107740183498
G186V-N189S-D190E-P194L-S219F	5	19	0.40326016576
G186V-N189S-D190E-P194L-S219F-P227S	6	20	0.981974815309
F193S-P194L	2	131	135.458046863
F193S-P194L-P227S	3	144	127.708064732
N189S-D190E-P227S	3	222	0.562557854036
N189S-D190E	2	277	0.273960318924
N145K-P194L	2	32	15.4079803474
N189S-P194L-S219F-N225D-P227S	5	20	46.4147950815
N189S-P194L-S219F-N225D	4	16	22.680976431
D190E-S219F-P227S	3	268	0.218153318525
D190E-S219F	2	233	0.210638601664
N145K-N189S-P194L-S219F-N225D-P227S	6	26	24.278084741
N145K-N189S-P194L-S219F-N225D	5	20	26.262034262
N145K-G186V-N189S-D190E-F193S	5	311	0.218435588628
N145K-G186V-N189S-D190E-F193S-P227S	6	282	0.0671808233645
N145K-G186V-D190E-P194L	4	31	0.2520376036
N145K-G186V-D190E-P194L-P227S	5	29	0.552650435984
N145K-D190E-N225D	3	237	0.114635364636
N145K-D190E-N225D-P227S	4	203	0.23390960891
N145K-G186V-P194L-S219F-N225D	5	30	6.59112005081
N145K-G186V-P194L-S219F-N225D-P227S	6	20	56.6898872732
N145K-D190E	2	301	0.100999380801
G186V-N189S-D190E-F193S-P194L-N225D-P227S	7	80	0.528346938841
G186V-D190E-N225D-P227S	4	120	0.159135859549
G186V-D190E-N225D	3	164	0.188942258639
N145K-N189S	2	224	0.977056030386
N145K-N189S-P227S	3	260	0.802283072398
G186V-N189S-S219F-N225D	4	151	0.24425087583
G186V-N189S-S219F-N225D-P227S	5	181	0.120707639938
N145K-G186V-F193S-P194L-P227S	5	174	86.6679209678
N145K-G186V-F193S-P194L	4	159	40.7891576016
N189S-N225D-P227S	3	163	0.68141862654
N189S-N225D	2	153	0.658592249501
N145K-G186V-P227S	3	217	0.266871550128
N145K-G186V	2	216	0.129092233931
G186V-D190E-F193S-N225D-P227S	5	180	0.106590411839
G186V-D190E-F193S-N225D	4	178	0.122521591795
N189S-D190E-F193S-S219F-N225D	5	265	0.150405637248
N189S-D190E-F193S-S219F-N225D-P227S	6	222	0.279432824276
G186V-D190E-P194L-S219F-N225D-P227S	6	18	0.565322591638
N189S-D190E-S219F-P227S	4	238	0.319917878495
N189S-D190E-S219F	3	264	0.277655119164
N145K-G186V-N189S-F193S-P194L-N225D	6	109	77.3238821783
N189S-D190E-F193S-P194L-N225D-P227S	6	98	0.189584919383
G186V-N189S-D190E-F193S-P194L-S219F	6	123	0.374557193106
G186V-N189S-D190E-F193S-P194L-S219F-P227S	7	133	1.15237139864
N189S-F193S	2	294	0.348438096743
N189S-F193S-P227S	3	253	0.329094243464
N145K-P194L-P227S	3	32	38.3413289853
N145K-G186V-N189S-S219F	4	233	0.0344666808342
N145K-N225D-P227S	3	189	0.756586785533
N145K-D190E-F193S-S219F-N225D	5	268	0.142537037518
N145K-D190E-F193S-S219F-N225D-P227S	6	245	0.18522598299
N145K-G186V-N189S-F193S-S219F-N225D	6	219	0.237567104613
N145K-G186V-N189S-F193S-S219F-N225D-P227S	7	239	0.147285083744
G186V-N189S-D190E-P194L	4	24	0.67291116291
G186V-N189S-D190E-P194L-P227S	5	13	1.79508917009
D190E-F193S-P227S	3	266	0.136736373628
D190E-F193S	2	298	0.230436168563
N145K-G186V-D190E-P194L-S219F-N225D-P227S	7	22	0.953537605712
N145K-G186V-D190E-P194L-S219F-N225D	6	34	0.390294890295
N145K-N189S-D190E-S219F-P227S	5	274	0.486600032963
N145K-N189S-D190E-S219F	4	307	0.195937269801
N189S-D190E-F193S-P194L-P227S	5	123	0.75258530299
N189S-D190E-F193S-P194L	4	132	0.11973358026
N145K-N189S-N225D-P227S	4	197	0.501653415795
N145K-D190E-P194L-S219F-P227S	5	46	0.224155080538
N145K-D190E-P194L-S219F	4	46	0.228534664705
D190E-P194L-P227S	3	37	1.9087024087
D190E-P194L	2	24	0.931895881895
N145K-G186V-N189S-D190E-F193S-S219F	6	297	0.12747288754
N145K-G186V-N189S-D190E-F193S-S219F-P227S	7	331	0.145136685046
G186V-D190E-F193S-S219F-N225D-P227S	6	168	0.155127745364
G186V-D190E-F193S-S219F-N225D	5	196	0.201186010831
N145K-G186V-D190E	3	253	0.150512545198
N145K-G186V-D190E-P227S	4	250	0.076714896436
N145K-S219F	2	297	0.501100316537
N145K-S219F-P227S	3	309	1.12916468239
F193S-P194L-S219F-N225D-P227S	5	122	131.240558072
N145K-N189S-S219F	3	304	0.596477171887
P194L-S219F	2	21	64.1380147629
P194L-S219F-P227S	3	23	33.7905821031
N189S-S219F	2	220	1.4077759847
N189S-S219F-P227S	3	232	2.32327456362
G186V-N189S-F193S-S219F-N225D	5	185	0.116602682463
G186V-N189S-F193S-S219F-N225D-P227S	6	189	0.195203724151
N145K-G186V-N189S-P194L	4	15	38.2594251813
N145K-G186V-F193S-N225D	4	201	0.241969068702
N145K-G186V-N189S-D190E-F193S-P194L-N225D	7	115	6.57624766676
N145K-G186V-F193S-N225D-P227S	5	193	0.182401266164
N145K-G186V-F193S-P194L-N225D	5	134	84.6438132512
N145K-D190E-P194L-S219F-N225D-P227S	6	24	0.896715876717
N145K-G186V-N225D	3	174	0.193436563436
N145K-G186V-N225D-P227S	4	182	0.0586946953067
N145K-N189S-D190E-P194L-N225D-P227S	6	27	0.809327246826
N145K-N189S-S219F-N225D	4	212	1.26025665345
G186V-P194L-S219F-N225D	4	19	4.86812678063
N145K-G186V-D190E-F193S-P194L	5	183	3.2155452237
N145K-G186V-D190E-F193S-P194L-P227S	6	152	10.6226150393
G186V-N189S-P194L-S219F-N225D	5	13	3.41641691642
G186V-N189S-P194L-S219F-N225D-P227S	6	19	9.14399443149
G186V-F193S-P194L-S219F-P227S	5	132	92.1934498253
G186V-F193S-P194L-S219F	4	136	11.54755396
N189S-F193S-P194L-S219F-P227S	5	148	135.704998705
N145K-G186V-N189S-P194L-N225D	5	27	42.0108340733
N145K-G186V-N189S-P194L-N225D-P227S	6	15	17.6625145688
N189S-D190E-P194L-N225D	4	28	0.370383766935
N145K-N189S-N225D	3	189	1.9997055576
N145K-G186V-F193S-P194L-S219F-N225D	6	107	82.1360596708
N145K-G186V-N189S-D190E-F193S-S219F-N225D-P227S	8	259	0.0749950192258
N145K-G186V-N189S-D190E-F193S-S219F-N225D	7	207	0.0904150603669
N145K-G186V-N189S-D190E-N225D-P227S	6	182	0.199807377403
N145K-N189S-F193S-P194L-S219F	5	201	84.7751416166
N145K-N189S-F193S-P194L-S219F-P227S	6	187	107.962423264
N145K-F193S-N225D-P227S	4	234	0.226225429417
N145K-F193S-N225D	3	212	0.422047609841
G186V-D190E-F193S-P194L	4	139	2.78365800866
G186V-D190E-F193S-P194L-P227S	5	118	16.9922947423
N145K-G186V-N189S-F193S-N225D	5	230	0.187046679471
N145K-G186V-N189S-F193S-N225D-P227S	6	221	0.388079221413
N145K-N189S-D190E-P227S	4	280	0.348483696349
N145K-N189S-D190E	3	281	0.156271525952
N145K-N189S-F193S-P194L-P227S	5	189	65.9846695702
N145K-G186V-N189S-D190E-F193S-P194L-N225D-P227S	8	90	4.22003779696
N145K-N189S-D190E-P194L-N225D	5	14	0.537680221013
P194L-N225D-P227S	3	18	26.3278806963
P194L-N225D	2	10	55.5411987002
G186V-N189S-N225D	3	140	0.289450699025
G186V-N189S-N225D-P227S	4	152	0.278612334168
N145K-G186V-S219F-P227S	4	251	0.18126138265
N145K-G186V-S219F	3	251	0.085098543432
G186V-N189S-D190E-F193S	4	214	0.101048951049
G186V-N189S-D190E-F193S-P227S	5	221	0.0856404189739
N189S-S219F-N225D	3	155	2.37592185829
N189S-F193S-S219F	3	296	0.31767602643
N189S-F193S-S219F-P227S	4	286	0.420287481263
N145K-G186V-P194L-P227S	4	28	18.1778416347
N145K-G186V-P194L	3	39	15.642003367
G186V-N189S-D190E-F193S-S219F-N225D-P227S	7	221	0.0606057689391
G186V-N189S-D190E-F193S-S219F-N225D	6	146	0.205458562602
N145K-G186V-N189S-D190E-P194L-N225D-P227S	7	24	1.07186739187
N145K-G186V-N189S-D190E-P194L-N225D	6	27	0.480517168017
N145K-F193S-S219F	3	357	0.611928445029
N145K-F193S-S219F-P227S	4	333	0.35767160318
G186V-N189S-F193S-S219F-P227S	5	262	0.156746119674
G186V-N189S-F193S-S219F	4	266	0.072117749084
N145K-N189S-D190E-N225D	4	185	0.175457358253
N145K-N189S-D190E-N225D-P227S	5	229	0.148156312287
N189S-S219F-N225D-P227S	4	174	0.623402523402
G186V-N189S-D190E-N225D-P227S	5	132	0.18037420669
G186V-N189S-D190E-N225D	4	145	0.20686581303
S219F-N225D-P227S	3	154	1.33005530909
S219F-N225D	2	235	1.59954526798
D190E-P227S	2	209	1.18041927209
D190E	1	218	0.17721590096
G186V-P194L-S219F-P227S	4	20	6.95402128735
G186V-P194L-S219F	3	19	4.70813260813
D190E-F193S-P194L-S219F	4	133	0.773926598555
N145K-F193S-P194L-S219F-N225D-P227S	6	167	50.1033268429
N145K-F193S-P194L-S219F-N225D	5	151	40.2189105972
N145K-N189S-F193S-P194L-N225D-P227S	6	147	33.0721635097
N145K-N189S-F193S-P194L-N225D	5	133	30.3857659063
G186V-N189S-D190E-P194L-S219F-N225D-P227S	7	7	1.0081504144
G186V-N189S-D190E-P194L-S219F-N225D	6	15	0.5040752072
N145K-G186V-N189S-D190E-P194L-S219F-N225D-P227S	8	21	0.366600150691
G186V-N189S-D190E-S219F	4	227	0.130825233896
G186V-N189S-D190E-S219F-P227S	5	221	0.297128422128
N189S-D190E-S219F-N225D	4	197	0.188734338987
N189S-D190E-S219F-N225D-P227S	5	199	0.154661033411
N145K-N189S-S219F-N225D-P227S	5	195	0.886087787875
N145K-N189S-D190E-F193S-P227S	5	373	0.196834310471
N145K	1	290	0.569549802368
F193S-P194L-N225D-P227S	4	114	94.2863191561
F193S-P194L-N225D	3	135	88.5129095441
N145K-F193S-P194L-N225D-P227S	5	161	27.7140725073
N145K-F193S-P194L-N225D	4	151	33.4804672058
G186V-D190E-F193S-P194L-N225D-P227S	6	85	1.11449769008
G186V-D190E-F193S-P194L-N225D	5	128	1.34514344398
F193S-N225D-P227S	3	203	0.120990891824
F193S-N225D	2	186	0.375155988792
WT	0	288	1.0
P227S	1	188	2.28563103563
N189S-D190E-P194L-S219F-P227S	5	33	1.00278425278
N189S-D190E-P194L-S219F	4	19	0.804649054651
N145K-D190E-P227S	3	306	0.193162097885
N145K-G186V-N189S-D190E-P194L-S219F	6	26	0.298711233897
N145K-G186V-N189S-D190E-P194L-S219F-P227S	7	35	0.906529684306
N145K-G186V-P194L-S219F-P227S	5	26	17.9330700164
N145K-G186V-P194L-S219F	4	34	4.4375994376
N145K-N189S-F193S-P227S	4	347	0.349197471324
N145K-N189S-F193S	3	338	0.221075630368
N145K-F193S-P194L	3	224	56.7708808887
N145K-F193S-P194L-P227S	4	163	91.13061312
N145K-D190E-F193S-P194L-S219F-N225D	6	144	0.346766962284
N145K-D190E-F193S-P194L-S219F-N225D-P227S	7	153	0.588237099601
G186V-N189S-P227S	3	173	0.109265362139
G186V-N189S	2	192	0.0697123352564
D190E-F193S-S219F-P227S	4	312	0.209666708868
D190E-F193S-S219F	3	261	0.223053346145
N145K-G186V-N189S-N225D	4	199	0.0816812354314
N145K-G186V-N189S-N225D-P227S	5	165	0.0971711242797
N145K-G186V-N189S-D190E-F193S-P194L-S219F	7	120	0.722993336631
N145K-G186V-N189S-D190E-F193S-P194L-S219F-P227S	8	147	2.06282987533
G186V-D190E-P194L-S219F-N225D	5	27	0.288042975543
N189S-D190E-F193S-P194L-N225D	5	96	1.16520745387
N189S-F193S-P194L-S219F-N225D-P227S	6	124	108.974033152
N189S-F193S-P194L-S219F-N225D	5	137	127.957912458
N145K-G186V-D190E-F193S-P194L-S219F	6	179	1.38380924631
N145K-G186V-D190E-F193S-P194L-S219F-P227S	7	176	6.52800751247
N189S-D190E-F193S-S219F-P227S	5	310	0.278766101114
N189S-D190E-F193S-S219F	4	282	0.188582389996
N145K-D190E-P194L-S219F-N225D	5	34	0.230434380434
D190E-P194L-N225D	3	21	0.488233147324
D190E-P194L-N225D-P227S	4	36	0.217978467978
G186V-N189S-F193S-P194L-P227S	5	104	47.1217813051
G186V-N189S-F193S-P194L	4	117	48.167142415
G186V-D190E-F193S-S219F	4	228	0.177893875492
G186V-D190E-F193S-S219F-P227S	5	258	0.439352689353
G186V-N189S-D190E-F193S-P194L-S219F-N225D-P227S	8	94	0.453045979362
G186V-N189S-D190E-F193S-P194L-S219F-N225D	7	108	0.38678777899
G186V-F193S-P194L-N225D-P227S	5	111	52.4079491111
N189S-F193S-N225D-P227S	4	219	0.188573673801
N189S-F193S-N225D	3	205	0.254802506016
F193S-S219F	2	292	0.185658766717
F193S-S219F-P227S	3	261	0.725012653447
N145K-D190E-S219F-P227S	4	304	0.368610866971
N145K-D190E-S219F	3	332	0.217528911973
G186V-P227S	2	193	0.123658605617
G186V	1	216	0.0866651269878
N145K-D190E-F193S-S219F-P227S	5	343	0.355705798293
N145K-D190E-F193S-S219F	4	329	0.113864362349
G186V-F193S-S219F-P227S	4	268	0.337108093613
G186V-F193S-S219F	3	245	0.0766006426577
N145K-N189S-F193S-S219F	4	345	0.242725161801
N145K-N189S-F193S-S219F-P227S	5	353	0.541401630385
D190E-P194L-S219F-P227S	4	34	0.383344433344
D190E-P194L-S219F	3	33	0.323070448071
N189S-D190E-F193S-P227S	4	265	0.77320316136
N189S-D190E-F193S	3	285	0.0758325137696
N225D-P227S	2	152	0.958509597399
N225D	1	178	1.81587034939
